{
  "overall": {
    "anxiety": {
      "count": 43,
      "mean": 3.5930232558139528,
      "std": 0.9948427367553435,
      "p25": 3.0,
      "p50": 3.8,
      "p75": 4.2,
      "min": 1.0,
      "max": 5.0
    },
    "burnout": {
      "count": 44,
      "mean": 3.477272727272727,
      "std": 0.9067226022210076,
      "p25": 3.0,
      "p50": 3.75,
      "p75": 4.0,
      "min": 1.0,
      "max": 5.0
    }
  },
  "by_status": {
    "Not placed yet": {
      "anxiety": {
        "count": 43,
        "mean": 3.5930232558139528,
        "std": 0.9948427367553435,
        "p25": 3.0,
        "p50": 3.8,
        "p75": 4.2,
        "min": 1.0,
        "max": 5.0
      },
      "burnout": {
        "count": 44,
        "mean": 3.477272727272727,
        "std": 0.9067226022210076,
        "p25": 3.0,
        "p50": 3.75,
        "p75": 4.0,
        "min": 1.0,
        "max": 5.0
      }
    },
    "Placed": {
      "anxiety": {
        "count": 0,
        "mean": null,
        "std": null,
        "p25": null,
        "p50": null,
        "p75": null,
        "min": null,
        "max": null
      },
      "burnout": {
        "count": 0,
        "mean": null,
        "std": null,
        "p25": null,
        "p50": null,
        "p75": null,
        "min": null,
        "max": null
      }
    },
    "Placed but still actively applying": {
      "anxiety": {
        "count": 0,
        "mean": null,
        "std": null,
        "p25": null,
        "p50": null,
        "p75": null,
        "min": null,
        "max": null
      },
      "burnout": {
        "count": 0,
        "mean": null,
        "std": null,
        "p25": null,
        "p50": null,
        "p75": null,
        "min": null,
        "max": null
      }
    }
  },
  "prep_profiles": {
    "High hours + High consistency": {
      "anxiety": {
        "count": 2,
        "mean": 5.0,
        "std": 0.0,
        "p25": 5.0,
        "p50": 5.0,
        "p75": 5.0,
        "min": 5.0,
        "max": 5.0
      },
      "burnout": {
        "count": 2,
        "mean": 4.5,
        "std": 0.7071067811865476,
        "p25": 4.25,
        "p50": 4.5,
        "p75": 4.75,
        "min": 4.0,
        "max": 5.0
      }
    },
    "Low hours + Low consistency": {
      "anxiety": {
        "count": 30,
        "mean": 3.4966666666666666,
        "std": 0.9946350338564959,
        "p25": 2.8499999999999996,
        "p50": 3.7,
        "p75": 4.2,
        "min": 1.0,
        "max": 5.0
      },
      "burnout": {
        "count": 31,
        "mean": 3.4274193548387095,
        "std": 0.8519427513705972,
        "p25": 2.875,
        "p50": 3.5,
        "p75": 4.0,
        "min": 1.5,
        "max": 5.0
      }
    },
    "Moderate hours + High consistency": {
      "anxiety": {
        "count": 11,
        "mean": 3.6,
        "std": 0.9295160030897801,
        "p25": 3.2,
        "p50": 3.8,
        "p75": 4.2,
        "min": 1.8,
        "max": 5.0
      },
      "burnout": {
        "count": 11,
        "mean": 3.4318181818181817,
        "std": 1.043377383134388,
        "p25": 3.375,
        "p50": 3.75,
        "p75": 4.0,
        "min": 1.0,
        "max": 4.5
      }
    }
  },
  "prep_hours": {
    "1.0": {
      "anxiety": {
        "count": 13,
        "mean": 3.3307692307692305,
        "std": 1.1279661751611583,
        "p25": 2.4,
        "p50": 4.0,
        "p75": 4.2,
        "min": 1.0,
        "max": 4.6
      },
      "burnout": {
        "count": 14,
        "mean": 3.3035714285714284,
        "std": 0.8996717960786259,
        "p25": 2.8125,
        "p50": 3.75,
        "p75": 4.0,
        "min": 1.5,
        "max": 4.25
      }
    },
    "2.0": {
      "anxiety": {
        "count": 11,
        "mean": 3.854545454545455,
        "std": 0.7954415583355403,
        "p25": 3.3,
        "p50": 4.0,
        "p75": 4.300000000000001,
        "min": 2.6,
        "max": 5.0
      },
      "burnout": {
        "count": 11,
        "mean": 3.75,
        "std": 0.82915619758885,
        "p25": 3.375,
        "p50": 3.75,
        "p75": 4.125,
        "min": 2.0,
        "max": 5.0
      }
    },
    "3.0": {
      "anxiety": {
        "count": 17,
        "mean": 3.4588235294117644,
        "std": 0.93745588131483,
        "p25": 3.0,
        "p50": 3.6,
        "p75": 4.0,
        "min": 1.8,
        "max": 5.0
      },
      "burnout": {
        "count": 17,
        "mean": 3.323529411764706,
        "std": 0.9260328097350993,
        "p25": 2.75,
        "p50": 3.5,
        "p75": 4.0,
        "min": 1.0,
        "max": 4.5
      }
    },
    "4.0": {
      "anxiety": {
        "count": 1,
        "mean": 5.0,
        "std": null,
        "p25": 5.0,
        "p50": 5.0,
        "p75": 5.0,
        "min": 5.0,
        "max": 5.0
      },
      "burnout": {
        "count": 1,
        "mean": 5.0,
        "std": null,
        "p25": 5.0,
        "p50": 5.0,
        "p75": 5.0,
        "min": 5.0,
        "max": 5.0
      }
    },
    "5.0": {
      "anxiety": {
        "count": 1,
        "mean": 5.0,
        "std": null,
        "p25": 5.0,
        "p50": 5.0,
        "p75": 5.0,
        "min": 5.0,
        "max": 5.0
      },
      "burnout": {
        "count": 1,
        "mean": 4.0,
        "std": null,
        "p25": 4.0,
        "p50": 4.0,
        "p75": 4.0,
        "min": 4.0,
        "max": 4.0
      }
    }
  },
  "prep_consistency": {
    "1.0": {
      "anxiety": {
        "count": 8,
        "mean": 3.5875,
        "std": 1.3860916275629112,
        "p25": 3.125,
        "p50": 4.1,
        "p75": 4.45,
        "min": 1.0,
        "max": 5.0
      },
      "burnout": {
        "count": 9,
        "mean": 3.5555555555555554,
        "std": 0.8730136183232067,
        "p25": 3.0,
        "p50": 3.75,
        "p75": 4.0,
        "min": 2.0,
        "max": 5.0
      }
    },
    "2.0": {
      "anxiety": {
        "count": 9,
        "mean": 3.4444444444444446,
        "std": 0.9153020145163987,
        "p25": 3.0,
        "p50": 3.2,
        "p75": 4.0,
        "min": 2.2,
        "max": 5.0
      },
      "burnout": {
        "count": 9,
        "mean": 3.4722222222222223,
        "std": 0.8700255424092126,
        "p25": 3.25,
        "p50": 3.75,
        "p75": 4.0,
        "min": 1.5,
        "max": 4.25
      }
    },
    "3.0": {
      "anxiety": {
        "count": 13,
        "mean": 3.476923076923078,
        "std": 0.8388025653213893,
        "p25": 2.8,
        "p50": 3.6,
        "p75": 4.0,
        "min": 2.0,
        "max": 5.0
      },
      "burnout": {
        "count": 13,
        "mean": 3.3076923076923075,
        "std": 0.8788833241311941,
        "p25": 2.75,
        "p50": 3.5,
        "p75": 4.0,
        "min": 2.0,
        "max": 4.75
      }
    },
    "4.0": {
      "anxiety": {
        "count": 9,
        "mean": 3.466666666666667,
        "std": 0.9848857801796105,
        "p25": 3.0,
        "p50": 3.4,
        "p75": 4.0,
        "min": 1.8,
        "max": 5.0
      },
      "burnout": {
        "count": 9,
        "mean": 3.5555555555555554,
        "std": 1.0366546087187274,
        "p25": 3.75,
        "p50": 4.0,
        "p75": 4.0,
        "min": 1.0,
        "max": 4.5
      }
    },
    "5.0": {
      "anxiety": {
        "count": 4,
        "mean": 4.6,
        "std": 0.4618802153517005,
        "p25": 4.2,
        "p50": 4.6,
        "p75": 5.0,
        "min": 4.2,
        "max": 5.0
      },
      "burnout": {
        "count": 4,
        "mean": 3.6875,
        "std": 1.2479149276559949,
        "p25": 3.3125,
        "p50": 3.875,
        "p75": 4.25,
        "min": 2.0,
        "max": 5.0
      }
    }
  },
  "cgpa": {
    "6.0\u20136.9": {
      "anxiety": {
        "count": 6,
        "mean": 3.15,
        "std": 0.7422937423958254,
        "p25": 3.05,
        "p50": 3.3,
        "p75": 3.475,
        "min": 1.8,
        "max": 4.0
      },
      "burnout": {
        "count": 6,
        "mean": 3.25,